an10.94	no|unclear|bare-or-other
mn100	no|unclear|bare-or-other
mn26	no|unclear|bare-or-other
mn36	no|unclear|bare-or-other
mn85	no|unclear|bare-or-other
mn99	no|unclear|bare-or-other
thig16.1	no|unclear|bare-or-other
pli-tv-bi-vb-as1-7	yes|not-applicable|not-applicable
pli-tv-bi-vb-np1	yes|not-applicable|not-applicable
pli-tv-bi-vb-np10	yes|not-applicable|not-applicable
pli-tv-bi-vb-np11	yes|not-applicable|not-applicable
pli-tv-bi-vb-np12	yes|not-applicable|not-applicable
pli-tv-bi-vb-np2	yes|not-applicable|not-applicable
pli-tv-bi-vb-np3	yes|not-applicable|not-applicable
pli-tv-bi-vb-np4	yes|not-applicable|not-applicable
pli-tv-bi-vb-np5	yes|not-applicable|not-applicable
pli-tv-bi-vb-np6	yes|not-applicable|not-applicable
pli-tv-bi-vb-np7	yes|not-applicable|not-applicable
pli-tv-bi-vb-np8	yes|not-applicable|not-applicable
pli-tv-bi-vb-np9	yes|not-applicable|not-applicable
pli-tv-bi-vb-pc1	yes|not-applicable|not-applicable
pli-tv-bi-vb-pc10	yes|not-applicable|not-applicable
pli-tv-bi-vb-pc11	yes|not-applicable|not-applicable
pli-tv-bi-vb-pc12	yes|not-applicable|not-applicable
pli-tv-bi-vb-pc13	yes|not-applicable|not-applicable
pli-tv-bi-vb-pc14	yes|not-applicable|not-applicable
pli-tv-bi-vb-pc15	yes|not-applicable|not-applicable
pli-tv-bi-vb-pc16	yes|not-applicable|not-applicable
pli-tv-bi-vb-pc17	yes|not-applicable|not-applicable
pli-tv-bi-vb-pc18	yes|not-applicable|not-applicable
pli-tv-bi-vb-pc19	yes|not-applicable|not-applicable
pli-tv-bi-vb-pc2	yes|not-applicable|not-applicable
pli-tv-bi-vb-pc20	yes|not-applicable|not-applicable
pli-tv-bi-vb-pc21	yes|not-applicable|not-applicable
pli-tv-bi-vb-pc22	yes|not-applicable|not-applicable
pli-tv-bi-vb-pc23	yes|not-applicable|not-applicable
pli-tv-bi-vb-pc24	yes|not-applicable|not-applicable
pli-tv-bi-vb-pc25	yes|not-applicable|not-applicable
pli-tv-bi-vb-pc26	yes|not-applicable|not-applicable
pli-tv-bi-vb-pc27	yes|not-applicable|not-applicable
pli-tv-bi-vb-pc28	yes|not-applicable|not-applicable
pli-tv-bi-vb-pc29	yes|not-applicable|not-applicable
pli-tv-bi-vb-pc3	yes|not-applicable|not-applicable
pli-tv-bi-vb-pc30	yes|not-applicable|not-applicable
pli-tv-bi-vb-pc31	yes|not-applicable|not-applicable
pli-tv-bi-vb-pc32	yes|not-applicable|not-applicable
pli-tv-bi-vb-pc33	yes|not-applicable|not-applicable
pli-tv-bi-vb-pc34	yes|not-applicable|not-applicable
pli-tv-bi-vb-pc35	yes|not-applicable|not-applicable
pli-tv-bi-vb-pc36	yes|not-applicable|not-applicable
pli-tv-bi-vb-pc37	yes|not-applicable|not-applicable
pli-tv-bi-vb-pc38	yes|not-applicable|not-applicable
pli-tv-bi-vb-pc39	yes|not-applicable|not-applicable
pli-tv-bi-vb-pc4	yes|not-applicable|not-applicable
pli-tv-bi-vb-pc40	yes|not-applicable|not-applicable
pli-tv-bi-vb-pc41	yes|not-applicable|not-applicable
pli-tv-bi-vb-pc42	yes|not-applicable|not-applicable
pli-tv-bi-vb-pc43	yes|not-applicable|not-applicable
pli-tv-bi-vb-pc44	yes|not-applicable|not-applicable
pli-tv-bi-vb-pc45	yes|not-applicable|not-applicable
pli-tv-bi-vb-pc46	yes|not-applicable|not-applicable
pli-tv-bi-vb-pc47	yes|not-applicable|not-applicable
pli-tv-bi-vb-pc48	yes|not-applicable|not-applicable
pli-tv-bi-vb-pc49	yes|not-applicable|not-applicable
pli-tv-bi-vb-pc5	yes|not-applicable|not-applicable
pli-tv-bi-vb-pc50	yes|not-applicable|not-applicable
pli-tv-bi-vb-pc51	yes|not-applicable|not-applicable
pli-tv-bi-vb-pc52	yes|not-applicable|not-applicable
pli-tv-bi-vb-pc53	yes|not-applicable|not-applicable
pli-tv-bi-vb-pc54	yes|not-applicable|not-applicable
pli-tv-bi-vb-pc55	yes|not-applicable|not-applicable
pli-tv-bi-vb-pc56	yes|not-applicable|not-applicable
pli-tv-bi-vb-pc57	yes|not-applicable|not-applicable
pli-tv-bi-vb-pc58	yes|not-applicable|not-applicable
pli-tv-bi-vb-pc59	yes|not-applicable|not-applicable
pli-tv-bi-vb-pc6	yes|not-applicable|not-applicable
pli-tv-bi-vb-pc60	yes|not-applicable|not-applicable
pli-tv-bi-vb-pc61	yes|not-applicable|not-applicable
pli-tv-bi-vb-pc62	yes|not-applicable|not-applicable
pli-tv-bi-vb-pc63	yes|not-applicable|not-applicable
pli-tv-bi-vb-pc64	yes|not-applicable|not-applicable
pli-tv-bi-vb-pc65	yes|not-applicable|not-applicable
pli-tv-bi-vb-pc66	yes|not-applicable|not-applicable
pli-tv-bi-vb-pc67	yes|not-applicable|not-applicable
pli-tv-bi-vb-pc68	yes|not-applicable|not-applicable
pli-tv-bi-vb-pc69	yes|not-applicable|not-applicable
pli-tv-bi-vb-pc7	yes|not-applicable|not-applicable
pli-tv-bi-vb-pc70	yes|not-applicable|not-applicable
pli-tv-bi-vb-pc71	yes|not-applicable|not-applicable
pli-tv-bi-vb-pc72	yes|not-applicable|not-applicable
pli-tv-bi-vb-pc73	yes|not-applicable|not-applicable
pli-tv-bi-vb-pc74	yes|not-applicable|not-applicable
pli-tv-bi-vb-pc75	yes|not-applicable|not-applicable
pli-tv-bi-vb-pc76	yes|not-applicable|not-applicable
pli-tv-bi-vb-pc77	yes|not-applicable|not-applicable
pli-tv-bi-vb-pc78	yes|not-applicable|not-applicable
pli-tv-bi-vb-pc79	yes|not-applicable|not-applicable
pli-tv-bi-vb-pc8	yes|not-applicable|not-applicable
pli-tv-bi-vb-pc80	yes|not-applicable|not-applicable
pli-tv-bi-vb-pc81	yes|not-applicable|not-applicable
pli-tv-bi-vb-pc82	yes|not-applicable|not-applicable
pli-tv-bi-vb-pc83	yes|not-applicable|not-applicable
pli-tv-bi-vb-pc84	yes|not-applicable|not-applicable
pli-tv-bi-vb-pc85	yes|not-applicable|not-applicable
pli-tv-bi-vb-pc86	yes|not-applicable|not-applicable
pli-tv-bi-vb-pc87	yes|not-applicable|not-applicable
pli-tv-bi-vb-pc88	yes|not-applicable|not-applicable
pli-tv-bi-vb-pc89	yes|not-applicable|not-applicable
pli-tv-bi-vb-pc9	yes|not-applicable|not-applicable
pli-tv-bi-vb-pc90	yes|not-applicable|not-applicable
pli-tv-bi-vb-pc91-93	yes|not-applicable|not-applicable
pli-tv-bi-vb-pc94	yes|not-applicable|not-applicable
pli-tv-bi-vb-pc95	yes|not-applicable|not-applicable
pli-tv-bi-vb-pc96	yes|not-applicable|not-applicable
pli-tv-bi-vb-pd1	yes|not-applicable|not-applicable
pli-tv-bi-vb-pd2-8	yes|not-applicable|not-applicable
pli-tv-bi-vb-pj1-4	yes|not-applicable|not-applicable
pli-tv-bi-vb-pj5	yes|not-applicable|not-applicable
pli-tv-bi-vb-pj6	yes|not-applicable|not-applicable
pli-tv-bi-vb-pj7	yes|not-applicable|not-applicable
pli-tv-bi-vb-pj8	yes|not-applicable|not-applicable
pli-tv-bi-vb-sk1	yes|not-applicable|not-applicable
pli-tv-bi-vb-sk75	yes|not-applicable|not-applicable
pli-tv-bi-vb-ss1	yes|not-applicable|not-applicable
pli-tv-bi-vb-ss10	yes|not-applicable|not-applicable
pli-tv-bi-vb-ss11	yes|not-applicable|not-applicable
pli-tv-bi-vb-ss12	yes|not-applicable|not-applicable
pli-tv-bi-vb-ss13	yes|not-applicable|not-applicable
pli-tv-bi-vb-ss2	yes|not-applicable|not-applicable
pli-tv-bi-vb-ss3	yes|not-applicable|not-applicable
pli-tv-bi-vb-ss4	yes|not-applicable|not-applicable
pli-tv-bi-vb-ss5	yes|not-applicable|not-applicable
pli-tv-bi-vb-ss6	yes|not-applicable|not-applicable
pli-tv-bu-vb-as1-7	yes|not-applicable|not-applicable
pli-tv-bu-vb-ay1	yes|not-applicable|not-applicable
pli-tv-bu-vb-ay2	yes|not-applicable|not-applicable
pli-tv-bu-vb-np1	yes|not-applicable|not-applicable
pli-tv-bu-vb-np10	yes|not-applicable|not-applicable
pli-tv-bu-vb-np11	yes|not-applicable|not-applicable
pli-tv-bu-vb-np12	yes|not-applicable|not-applicable
pli-tv-bu-vb-np13	yes|not-applicable|not-applicable
pli-tv-bu-vb-np14	yes|not-applicable|not-applicable
pli-tv-bu-vb-np15	yes|not-applicable|not-applicable
pli-tv-bu-vb-np16	yes|not-applicable|not-applicable
pli-tv-bu-vb-np17	yes|not-applicable|not-applicable
pli-tv-bu-vb-np18	yes|not-applicable|not-applicable
pli-tv-bu-vb-np19	yes|not-applicable|not-applicable
pli-tv-bu-vb-np2	yes|not-applicable|not-applicable
pli-tv-bu-vb-np20	yes|not-applicable|not-applicable
pli-tv-bu-vb-np21	yes|not-applicable|not-applicable
pli-tv-bu-vb-np22	yes|not-applicable|not-applicable
pli-tv-bu-vb-np23	yes|not-applicable|not-applicable
pli-tv-bu-vb-np24	yes|not-applicable|not-applicable
pli-tv-bu-vb-np25	yes|not-applicable|not-applicable
pli-tv-bu-vb-np26	yes|not-applicable|not-applicable
pli-tv-bu-vb-np27	yes|not-applicable|not-applicable
pli-tv-bu-vb-np28	yes|not-applicable|not-applicable
pli-tv-bu-vb-np29	yes|not-applicable|not-applicable
pli-tv-bu-vb-np3	yes|not-applicable|not-applicable
pli-tv-bu-vb-np30	yes|not-applicable|not-applicable
pli-tv-bu-vb-np4	yes|not-applicable|not-applicable
pli-tv-bu-vb-np5	yes|not-applicable|not-applicable
pli-tv-bu-vb-np6	yes|not-applicable|not-applicable
pli-tv-bu-vb-np7	yes|not-applicable|not-applicable
pli-tv-bu-vb-np8	yes|not-applicable|not-applicable
pli-tv-bu-vb-np9	yes|not-applicable|not-applicable
pli-tv-bu-vb-pc1	yes|not-applicable|not-applicable
pli-tv-bu-vb-pc10	yes|not-applicable|not-applicable
pli-tv-bu-vb-pc11	yes|not-applicable|not-applicable
pli-tv-bu-vb-pc12	yes|not-applicable|not-applicable
pli-tv-bu-vb-pc13	yes|not-applicable|not-applicable
pli-tv-bu-vb-pc14	yes|not-applicable|not-applicable
pli-tv-bu-vb-pc15	yes|not-applicable|not-applicable
pli-tv-bu-vb-pc16	yes|not-applicable|not-applicable
pli-tv-bu-vb-pc17	yes|not-applicable|not-applicable
pli-tv-bu-vb-pc18	yes|not-applicable|not-applicable
pli-tv-bu-vb-pc19	yes|not-applicable|not-applicable
pli-tv-bu-vb-pc2	yes|not-applicable|not-applicable
pli-tv-bu-vb-pc20	yes|not-applicable|not-applicable
pli-tv-bu-vb-pc21	yes|not-applicable|not-applicable
pli-tv-bu-vb-pc22	yes|not-applicable|not-applicable
pli-tv-bu-vb-pc23	yes|not-applicable|not-applicable
pli-tv-bu-vb-pc24	yes|not-applicable|not-applicable
pli-tv-bu-vb-pc25	yes|not-applicable|not-applicable
pli-tv-bu-vb-pc26	yes|not-applicable|not-applicable
pli-tv-bu-vb-pc27	yes|not-applicable|not-applicable
pli-tv-bu-vb-pc28	yes|not-applicable|not-applicable
pli-tv-bu-vb-pc29	yes|not-applicable|not-applicable
pli-tv-bu-vb-pc3	yes|not-applicable|not-applicable
pli-tv-bu-vb-pc30	yes|not-applicable|not-applicable
pli-tv-bu-vb-pc31	yes|not-applicable|not-applicable
pli-tv-bu-vb-pc32	yes|not-applicable|not-applicable
pli-tv-bu-vb-pc33	yes|not-applicable|not-applicable
pli-tv-bu-vb-pc34	yes|not-applicable|not-applicable
pli-tv-bu-vb-pc35	yes|not-applicable|not-applicable
pli-tv-bu-vb-pc36	yes|not-applicable|not-applicable
pli-tv-bu-vb-pc37	yes|not-applicable|not-applicable
pli-tv-bu-vb-pc38	yes|not-applicable|not-applicable
pli-tv-bu-vb-pc39	yes|not-applicable|not-applicable
pli-tv-bu-vb-pc4	yes|not-applicable|not-applicable
pli-tv-bu-vb-pc40	yes|not-applicable|not-applicable
pli-tv-bu-vb-pc41	yes|not-applicable|not-applicable
pli-tv-bu-vb-pc42	yes|not-applicable|not-applicable
pli-tv-bu-vb-pc43	yes|not-applicable|not-applicable
pli-tv-bu-vb-pc44	yes|not-applicable|not-applicable
pli-tv-bu-vb-pc45	yes|not-applicable|not-applicable
pli-tv-bu-vb-pc46	yes|not-applicable|not-applicable
pli-tv-bu-vb-pc47	yes|not-applicable|not-applicable
pli-tv-bu-vb-pc48	yes|not-applicable|not-applicable
pli-tv-bu-vb-pc49	yes|not-applicable|not-applicable
pli-tv-bu-vb-pc5	yes|not-applicable|not-applicable
pli-tv-bu-vb-pc50	yes|not-applicable|not-applicable
pli-tv-bu-vb-pc51	yes|not-applicable|not-applicable
pli-tv-bu-vb-pc52	yes|not-applicable|not-applicable
pli-tv-bu-vb-pc53	yes|not-applicable|not-applicable
pli-tv-bu-vb-pc54	yes|not-applicable|not-applicable
pli-tv-bu-vb-pc55	yes|not-applicable|not-applicable
pli-tv-bu-vb-pc56	yes|not-applicable|not-applicable
pli-tv-bu-vb-pc57	yes|not-applicable|not-applicable
pli-tv-bu-vb-pc58	yes|not-applicable|not-applicable
pli-tv-bu-vb-pc59	yes|not-applicable|not-applicable
pli-tv-bu-vb-pc6	yes|not-applicable|not-applicable
pli-tv-bu-vb-pc60	yes|not-applicable|not-applicable
pli-tv-bu-vb-pc61	yes|not-applicable|not-applicable
pli-tv-bu-vb-pc62	yes|not-applicable|not-applicable
pli-tv-bu-vb-pc63	yes|not-applicable|not-applicable
pli-tv-bu-vb-pc64	yes|not-applicable|not-applicable
pli-tv-bu-vb-pc65	yes|not-applicable|not-applicable
pli-tv-bu-vb-pc66	yes|not-applicable|not-applicable
pli-tv-bu-vb-pc67	yes|not-applicable|not-applicable
pli-tv-bu-vb-pc68	yes|not-applicable|not-applicable
pli-tv-bu-vb-pc69	yes|not-applicable|not-applicable
pli-tv-bu-vb-pc7	yes|not-applicable|not-applicable
pli-tv-bu-vb-pc70	yes|not-applicable|not-applicable
pli-tv-bu-vb-pc71	yes|not-applicable|not-applicable
pli-tv-bu-vb-pc72	yes|not-applicable|not-applicable
pli-tv-bu-vb-pc73	yes|not-applicable|not-applicable
pli-tv-bu-vb-pc74	yes|not-applicable|not-applicable
pli-tv-bu-vb-pc75	yes|not-applicable|not-applicable
pli-tv-bu-vb-pc76	yes|not-applicable|not-applicable
pli-tv-bu-vb-pc77	yes|not-applicable|not-applicable
pli-tv-bu-vb-pc78	yes|not-applicable|not-applicable
pli-tv-bu-vb-pc79	yes|not-applicable|not-applicable
pli-tv-bu-vb-pc8	yes|not-applicable|not-applicable
pli-tv-bu-vb-pc80	yes|not-applicable|not-applicable
pli-tv-bu-vb-pc81	yes|not-applicable|not-applicable
pli-tv-bu-vb-pc82	yes|not-applicable|not-applicable
pli-tv-bu-vb-pc83	yes|not-applicable|not-applicable
pli-tv-bu-vb-pc84	yes|not-applicable|not-applicable
pli-tv-bu-vb-pc85	yes|not-applicable|not-applicable
pli-tv-bu-vb-pc86	yes|not-applicable|not-applicable
pli-tv-bu-vb-pc87	yes|not-applicable|not-applicable
pli-tv-bu-vb-pc88	yes|not-applicable|not-applicable
pli-tv-bu-vb-pc89	yes|not-applicable|not-applicable
pli-tv-bu-vb-pc9	yes|not-applicable|not-applicable
pli-tv-bu-vb-pc90	yes|not-applicable|not-applicable
pli-tv-bu-vb-pc91	yes|not-applicable|not-applicable
pli-tv-bu-vb-pc92	yes|not-applicable|not-applicable
pli-tv-bu-vb-pd1	yes|not-applicable|not-applicable
pli-tv-bu-vb-pd2	yes|not-applicable|not-applicable
pli-tv-bu-vb-pd3	yes|not-applicable|not-applicable
pli-tv-bu-vb-pd4	yes|not-applicable|not-applicable
pli-tv-bu-vb-pj1	yes|not-applicable|not-applicable
pli-tv-bu-vb-pj2	yes|not-applicable|not-applicable
pli-tv-bu-vb-pj3	yes|not-applicable|not-applicable
pli-tv-bu-vb-pj4	yes|not-applicable|not-applicable
pli-tv-bu-vb-sk1	yes|not-applicable|not-applicable
pli-tv-bu-vb-sk10	yes|not-applicable|not-applicable
pli-tv-bu-vb-sk11	yes|not-applicable|not-applicable
pli-tv-bu-vb-sk12	yes|not-applicable|not-applicable
pli-tv-bu-vb-sk13	yes|not-applicable|not-applicable
pli-tv-bu-vb-sk14	yes|not-applicable|not-applicable
pli-tv-bu-vb-sk15	yes|not-applicable|not-applicable
pli-tv-bu-vb-sk16	yes|not-applicable|not-applicable
pli-tv-bu-vb-sk17	yes|not-applicable|not-applicable
pli-tv-bu-vb-sk18	yes|not-applicable|not-applicable
pli-tv-bu-vb-sk19	yes|not-applicable|not-applicable
pli-tv-bu-vb-sk2	yes|not-applicable|not-applicable
pli-tv-bu-vb-sk20	yes|not-applicable|not-applicable
pli-tv-bu-vb-sk21	yes|not-applicable|not-applicable
pli-tv-bu-vb-sk22	yes|not-applicable|not-applicable
pli-tv-bu-vb-sk23	yes|not-applicable|not-applicable
pli-tv-bu-vb-sk24	yes|not-applicable|not-applicable
pli-tv-bu-vb-sk25	yes|not-applicable|not-applicable
pli-tv-bu-vb-sk26	yes|not-applicable|not-applicable
pli-tv-bu-vb-sk27	yes|not-applicable|not-applicable
pli-tv-bu-vb-sk28	yes|not-applicable|not-applicable
pli-tv-bu-vb-sk29	yes|not-applicable|not-applicable
pli-tv-bu-vb-sk3	yes|not-applicable|not-applicable
pli-tv-bu-vb-sk30	yes|not-applicable|not-applicable
pli-tv-bu-vb-sk31	yes|not-applicable|not-applicable
pli-tv-bu-vb-sk32	yes|not-applicable|not-applicable
pli-tv-bu-vb-sk33	yes|not-applicable|not-applicable
pli-tv-bu-vb-sk34	yes|not-applicable|not-applicable
pli-tv-bu-vb-sk35	yes|not-applicable|not-applicable
pli-tv-bu-vb-sk36	yes|not-applicable|not-applicable
pli-tv-bu-vb-sk37	yes|not-applicable|not-applicable
pli-tv-bu-vb-sk38	yes|not-applicable|not-applicable
pli-tv-bu-vb-sk39	yes|not-applicable|not-applicable
pli-tv-bu-vb-sk4	yes|not-applicable|not-applicable
pli-tv-bu-vb-sk40	yes|not-applicable|not-applicable
pli-tv-bu-vb-sk41	yes|not-applicable|not-applicable
pli-tv-bu-vb-sk42	yes|not-applicable|not-applicable
pli-tv-bu-vb-sk43	yes|not-applicable|not-applicable
pli-tv-bu-vb-sk44	yes|not-applicable|not-applicable
pli-tv-bu-vb-sk45	yes|not-applicable|not-applicable
pli-tv-bu-vb-sk46	yes|not-applicable|not-applicable
pli-tv-bu-vb-sk47	yes|not-applicable|not-applicable
pli-tv-bu-vb-sk48	yes|not-applicable|not-applicable
pli-tv-bu-vb-sk49	yes|not-applicable|not-applicable
pli-tv-bu-vb-sk5	yes|not-applicable|not-applicable
pli-tv-bu-vb-sk50	yes|not-applicable|not-applicable
pli-tv-bu-vb-sk51	yes|not-applicable|not-applicable
pli-tv-bu-vb-sk52	yes|not-applicable|not-applicable
pli-tv-bu-vb-sk53	yes|not-applicable|not-applicable
pli-tv-bu-vb-sk54	yes|not-applicable|not-applicable
pli-tv-bu-vb-sk55	yes|not-applicable|not-applicable
pli-tv-bu-vb-sk56	yes|not-applicable|not-applicable
pli-tv-bu-vb-sk57	yes|not-applicable|not-applicable
pli-tv-bu-vb-sk58	yes|not-applicable|not-applicable
pli-tv-bu-vb-sk59	yes|not-applicable|not-applicable
pli-tv-bu-vb-sk6	yes|not-applicable|not-applicable
pli-tv-bu-vb-sk60	yes|not-applicable|not-applicable
pli-tv-bu-vb-sk61	yes|not-applicable|not-applicable
pli-tv-bu-vb-sk62	yes|not-applicable|not-applicable
pli-tv-bu-vb-sk63	yes|not-applicable|not-applicable
pli-tv-bu-vb-sk64	yes|not-applicable|not-applicable
pli-tv-bu-vb-sk65	yes|not-applicable|not-applicable
pli-tv-bu-vb-sk66	yes|not-applicable|not-applicable
pli-tv-bu-vb-sk67	yes|not-applicable|not-applicable
pli-tv-bu-vb-sk68	yes|not-applicable|not-applicable
pli-tv-bu-vb-sk69	yes|not-applicable|not-applicable
pli-tv-bu-vb-sk7	yes|not-applicable|not-applicable
pli-tv-bu-vb-sk70	yes|not-applicable|not-applicable
pli-tv-bu-vb-sk71	yes|not-applicable|not-applicable
pli-tv-bu-vb-sk72	yes|not-applicable|not-applicable
pli-tv-bu-vb-sk73	yes|not-applicable|not-applicable
pli-tv-bu-vb-sk74	yes|not-applicable|not-applicable
pli-tv-bu-vb-sk75	yes|not-applicable|not-applicable
pli-tv-bu-vb-sk8	yes|not-applicable|not-applicable
pli-tv-bu-vb-sk9	yes|not-applicable|not-applicable
pli-tv-bu-vb-ss1	yes|not-applicable|not-applicable
pli-tv-bu-vb-ss10	yes|not-applicable|not-applicable
pli-tv-bu-vb-ss11	yes|not-applicable|not-applicable
pli-tv-bu-vb-ss12	yes|not-applicable|not-applicable
pli-tv-bu-vb-ss13	yes|not-applicable|not-applicable
pli-tv-bu-vb-ss2	yes|not-applicable|not-applicable
pli-tv-bu-vb-ss3	yes|not-applicable|not-applicable
pli-tv-bu-vb-ss4	yes|not-applicable|not-applicable
pli-tv-bu-vb-ss5	yes|not-applicable|not-applicable
pli-tv-bu-vb-ss6	yes|not-applicable|not-applicable
pli-tv-bu-vb-ss7	yes|not-applicable|not-applicable
pli-tv-bu-vb-ss8	yes|not-applicable|not-applicable
pli-tv-bu-vb-ss9	yes|not-applicable|not-applicable
pli-tv-kd1	yes|not-applicable|not-applicable
pli-tv-kd10	yes|not-applicable|not-applicable
pli-tv-kd11	yes|not-applicable|not-applicable
pli-tv-kd12	yes|not-applicable|not-applicable
pli-tv-kd13	yes|not-applicable|not-applicable
pli-tv-kd14	yes|not-applicable|not-applicable
pli-tv-kd15	yes|not-applicable|not-applicable
pli-tv-kd16	yes|not-applicable|not-applicable
pli-tv-kd17	yes|not-applicable|not-applicable
pli-tv-kd18	yes|not-applicable|not-applicable
pli-tv-kd19	yes|not-applicable|not-applicable
pli-tv-kd2	yes|not-applicable|not-applicable
pli-tv-kd20	yes|not-applicable|not-applicable
pli-tv-kd21	yes|not-applicable|not-applicable
pli-tv-kd22	yes|not-applicable|not-applicable
pli-tv-kd3	yes|not-applicable|not-applicable
pli-tv-kd4	yes|not-applicable|not-applicable
pli-tv-kd5	yes|not-applicable|not-applicable
pli-tv-kd6	yes|not-applicable|not-applicable
pli-tv-kd7	yes|not-applicable|not-applicable
pli-tv-kd8	yes|not-applicable|not-applicable
pli-tv-kd9	yes|not-applicable|not-applicable
pli-tv-pvr1.1	no|unclear|bare-or-other
pli-tv-pvr1.9	no|unclear|bare-or-other
pli-tv-pvr2.1	no|unclear|bare-or-other
pli-tv-pvr2.9	no|unclear|bare-or-other
thi-ap28	no|elder-lineage-or-teachers-opinion|bare-or-other
cst-abh01a.att-108_p011	no|elder-lineage-or-teachers-opinion|bare-or-other
cst-abh01a.att-1_p017	no|school-as-separate-entity|coordinated-with-named-rival
cst-abh02a.att-156_p011	no|elder-lineage-or-teachers-opinion|bare-or-other
cst-abh02a.att-43_p002	no|elder-lineage-or-teachers-opinion|vada-kula-acariyavada-equation
cst-abh03a.att-31_p036	no|elder-lineage-or-teachers-opinion|vada-kula-acariyavada-equation
cst-abh03a.att-41_p005	no|school-as-separate-entity|coordinated-with-named-rival
cst-abh03a.att-41_p025	no|elder-lineage-or-teachers-opinion|bare-or-other
cst-abh03a.att-41_p034	no|elder-lineage-or-teachers-opinion|vada-kula-acariyavada-equation
cst-abh03a.att-427_p012	no|elder-lineage-or-teachers-opinion|vada-kula-acariyavada-equation
cst-abh03a.att-428_p002	no|elder-lineage-or-teachers-opinion|bare-or-other
cst-s0401a.att-an1_14_p453	no|unclear|bare-or-other
cst-s0401a.att-an1_14_p519	no|elder-lineage-or-teachers-opinion|bare-or-other
cst-s0401a.att-an1_14_p559	no|elder-lineage-or-teachers-opinion|bare-or-other
cst-s0401a.att-an1_14_p574	no|unclear|bare-or-other
cst-s0401a.att-an1_14_p593	no|elder-lineage-or-teachers-opinion|bare-or-other
cst-s0401a.att-an1_14_p597	no|elder-lineage-or-teachers-opinion|bare-or-other
cst-s0403a.att-an6_1_2_p013	no|elder-lineage-or-teachers-opinion|bare-or-other
cst-s0403a.att-an6_1_2_p014	no|elder-lineage-or-teachers-opinion|bare-or-other
cst-s0403a.att-an6_1_2_p015	no|elder-lineage-or-teachers-opinion|bare-or-other
cst-s0404a.att-an11_p074	no|elder-lineage-or-teachers-opinion|bare-or-other
cst-s0102a.att-dn2_3_p065	no|elder-lineage-or-teachers-opinion|bare-or-other
cst-s0102a.att-dn2_3_p066	no|elder-lineage-or-teachers-opinion|bare-or-other
cst-s0102a.att-dn2_3_p067	no|elder-lineage-or-teachers-opinion|bare-or-other
cst-s0102a.att-dn2_9_p004	no|elder-lineage-or-teachers-opinion|bare-or-other
cst-s0501a.att-110_p006	no|elder-lineage-or-teachers-opinion|bare-or-other
cst-s0501a.att-26_p007	no|elder-lineage-or-teachers-opinion|bare-or-other
cst-s0502a.att-144_p008	no|elder-lineage-or-teachers-opinion|bare-or-other
cst-s0502a.att-334_p009	no|elder-lineage-or-teachers-opinion|bare-or-other
cst-s0502a.att-60_p004	no|elder-lineage-or-teachers-opinion|bare-or-other
cst-s0503a.att-1_p012	no|elder-lineage-or-teachers-opinion|bare-or-other
cst-s0504a.att-1_p012	no|elder-lineage-or-teachers-opinion|bare-or-other
cst-s0505a.att-82_p009	no|elder-lineage-or-teachers-opinion|bare-or-other
cst-s0506a.att-1_p010	no|elder-lineage-or-teachers-opinion|bare-or-other
cst-s0507a.att-1_p010	no|elder-lineage-or-teachers-opinion|bare-or-other
cst-s0508a1.att-1_p012	no|elder-lineage-or-teachers-opinion|bare-or-other
cst-s0508a1.att-1_p016	no|elder-lineage-or-teachers-opinion|bare-or-other
cst-s0508a1.att-1_p025	no|elder-lineage-or-teachers-opinion|bare-or-other
cst-s0508a1.att-2_p034	no|school-as-separate-entity|genitive-theras-vada
cst-s0509a.att-10_p002	no|elder-lineage-or-teachers-opinion|bare-or-other
cst-s0509a.att-11_p002	no|elder-lineage-or-teachers-opinion|bare-or-other
cst-s0509a.att-12_p005	no|elder-lineage-or-teachers-opinion|bare-or-other
cst-s0509a.att-13_p002	no|elder-lineage-or-teachers-opinion|bare-or-other
cst-s0509a.att-14_p002	no|elder-lineage-or-teachers-opinion|bare-or-other
cst-s0509a.att-17_p002	no|elder-lineage-or-teachers-opinion|bare-or-other
cst-s0509a.att-18_p002	no|elder-lineage-or-teachers-opinion|bare-or-other
cst-s0509a.att-19_p002	no|elder-lineage-or-teachers-opinion|bare-or-other
cst-s0509a.att-20_p002	no|elder-lineage-or-teachers-opinion|bare-or-other
cst-s0509a.att-21_p002	no|elder-lineage-or-teachers-opinion|bare-or-other
cst-s0509a.att-22_p002	no|elder-lineage-or-teachers-opinion|bare-or-other
cst-s0509a.att-23_p002	no|elder-lineage-or-teachers-opinion|bare-or-other
cst-s0509a.att-24_p030	no|elder-lineage-or-teachers-opinion|bare-or-other
cst-s0509a.att-25_p002	no|elder-lineage-or-teachers-opinion|bare-or-other
cst-s0509a.att-27_p002	no|elder-lineage-or-teachers-opinion|bare-or-other
cst-s0509a.att-28_p002	no|elder-lineage-or-teachers-opinion|bare-or-other
cst-s0509a.att-28_p031	no|elder-lineage-or-teachers-opinion|bare-or-other
cst-s0509a.att-29_p002	no|elder-lineage-or-teachers-opinion|bare-or-other
cst-s0509a.att-2_p020	no|elder-lineage-or-teachers-opinion|bare-or-other
cst-s0509a.att-30_p002	no|elder-lineage-or-teachers-opinion|bare-or-other
cst-s0509a.att-31_p002	no|elder-lineage-or-teachers-opinion|bare-or-other
cst-s0509a.att-32_p002	no|elder-lineage-or-teachers-opinion|bare-or-other
cst-s0509a.att-32_p003	no|elder-lineage-or-teachers-opinion|bare-or-other
cst-s0509a.att-32_p034	no|elder-lineage-or-teachers-opinion|bare-or-other
cst-s0509a.att-32_p042	no|elder-lineage-or-teachers-opinion|bare-or-other
cst-s0509a.att-33_p002	no|elder-lineage-or-teachers-opinion|bare-or-other
cst-s0509a.att-33_p037	no|elder-lineage-or-teachers-opinion|bare-or-other
cst-s0509a.att-34_p002	no|elder-lineage-or-teachers-opinion|bare-or-other
cst-s0509a.att-36_p002	no|elder-lineage-or-teachers-opinion|bare-or-other
cst-s0509a.att-38_p002	no|elder-lineage-or-teachers-opinion|bare-or-other
cst-s0509a.att-39_p002	no|elder-lineage-or-teachers-opinion|bare-or-other
cst-s0509a.att-40_p002	no|elder-lineage-or-teachers-opinion|bare-or-other
cst-s0509a.att-41_p002	no|elder-lineage-or-teachers-opinion|bare-or-other
cst-s0509a.att-42_p002	no|elder-lineage-or-teachers-opinion|bare-or-other
cst-s0509a.att-43_p002	no|elder-lineage-or-teachers-opinion|bare-or-other
cst-s0509a.att-44_p002	no|elder-lineage-or-teachers-opinion|bare-or-other
cst-s0509a.att-45_p002	no|elder-lineage-or-teachers-opinion|bare-or-other
cst-s0509a.att-46_p002	no|elder-lineage-or-teachers-opinion|bare-or-other
cst-s0509a.att-47_p002	no|elder-lineage-or-teachers-opinion|bare-or-other
cst-s0509a.att-48_p002	no|elder-lineage-or-teachers-opinion|bare-or-other
cst-s0509a.att-48_p008	no|elder-lineage-or-teachers-opinion|bare-or-other
cst-s0509a.att-48_p016	no|elder-lineage-or-teachers-opinion|bare-or-other
cst-s0509a.att-49_p002	no|elder-lineage-or-teachers-opinion|bare-or-other
cst-s0509a.att-51_p002	no|elder-lineage-or-teachers-opinion|bare-or-other
cst-s0509a.att-51_p012	no|elder-lineage-or-teachers-opinion|bare-or-other
cst-s0509a.att-51_p022	no|elder-lineage-or-teachers-opinion|bare-or-other
cst-s0509a.att-51_p023	no|elder-lineage-or-teachers-opinion|bare-or-other
cst-s0509a.att-52_p002	no|elder-lineage-or-teachers-opinion|bare-or-other
cst-s0509a.att-53_p002	no|elder-lineage-or-teachers-opinion|bare-or-other
cst-s0509a.att-53_p100	no|elder-lineage-or-teachers-opinion|bare-or-other
cst-s0509a.att-54_p002	no|elder-lineage-or-teachers-opinion|bare-or-other
cst-s0509a.att-55_p002	no|elder-lineage-or-teachers-opinion|bare-or-other
cst-s0509a.att-56_p023	no|elder-lineage-or-teachers-opinion|bare-or-other
cst-s0509a.att-57_p002	no|elder-lineage-or-teachers-opinion|bare-or-other
cst-s0509a.att-57_p020	no|elder-lineage-or-teachers-opinion|bare-or-other
cst-s0509a.att-58_p002	no|elder-lineage-or-teachers-opinion|bare-or-other
cst-s0509a.att-60_p002	no|elder-lineage-or-teachers-opinion|bare-or-other
cst-s0509a.att-60_p018	no|elder-lineage-or-teachers-opinion|bare-or-other
cst-s0509a.att-60_p019	no|elder-lineage-or-teachers-opinion|bare-or-other
cst-s0509a.att-61_p002	no|elder-lineage-or-teachers-opinion|bare-or-other
cst-s0509a.att-62_p002	no|elder-lineage-or-teachers-opinion|bare-or-other
cst-s0509a.att-64_p002	no|elder-lineage-or-teachers-opinion|bare-or-other
cst-s0509a.att-66_p002	no|elder-lineage-or-teachers-opinion|bare-or-other
cst-s0509a.att-66_p033	no|elder-lineage-or-teachers-opinion|bare-or-other
cst-s0509a.att-68_p002	no|elder-lineage-or-teachers-opinion|bare-or-other
cst-s0509a.att-68_p040	no|elder-lineage-or-teachers-opinion|bare-or-other
cst-s0509a.att-68_p041	no|elder-lineage-or-teachers-opinion|bare-or-other
cst-s0509a.att-68_p045	no|elder-lineage-or-teachers-opinion|bare-or-other
cst-s0509a.att-6_p002	no|elder-lineage-or-teachers-opinion|bare-or-other
cst-s0509a.att-70_p002	no|elder-lineage-or-teachers-opinion|bare-or-other
cst-s0509a.att-70_p094	no|elder-lineage-or-teachers-opinion|bare-or-other
cst-s0509a.att-72_p002	no|elder-lineage-or-teachers-opinion|bare-or-other
cst-s0509a.att-72_p068	no|elder-lineage-or-teachers-opinion|bare-or-other
cst-s0509a.att-74_p002	no|elder-lineage-or-teachers-opinion|bare-or-other
cst-s0509a.att-75_p002	no|elder-lineage-or-teachers-opinion|bare-or-other
cst-s0509a.att-76_p002	no|elder-lineage-or-teachers-opinion|bare-or-other
cst-s0509a.att-77_p002	no|elder-lineage-or-teachers-opinion|bare-or-other
cst-s0509a.att-78_p002	no|elder-lineage-or-teachers-opinion|bare-or-other
cst-s0509a.att-80_p002	no|elder-lineage-or-teachers-opinion|bare-or-other
cst-s0509a.att-80_p073	no|unclear|bare-or-other
cst-s0509a.att-80_p077	no|elder-lineage-or-teachers-opinion|bare-or-other
cst-s0509a.att-80_p104	no|elder-lineage-or-teachers-opinion|bare-or-other
cst-s0509a.att-82_p002	no|elder-lineage-or-teachers-opinion|bare-or-other
cst-s0509a.att-82_p003	no|elder-lineage-or-teachers-opinion|bare-or-other
cst-s0509a.att-82_p128	no|elder-lineage-or-teachers-opinion|bare-or-other
cst-s0509a.att-84_p002	no|elder-lineage-or-teachers-opinion|bare-or-other
cst-s0509a.att-84_p249	no|elder-lineage-or-teachers-opinion|bare-or-other
cst-s0509a.att-84_p251	no|elder-lineage-or-teachers-opinion|bare-or-other
cst-s0509a.att-84_p266	no|elder-lineage-or-teachers-opinion|bare-or-other
cst-s0509a.att-85_p004	no|elder-lineage-or-teachers-opinion|bare-or-other
cst-s0509a.att-9_p002	no|elder-lineage-or-teachers-opinion|bare-or-other
cst-s0510a.att-285_p016	no|elder-lineage-or-teachers-opinion|bare-or-other
cst-s0512a.att-1_p013	no|elder-lineage-or-teachers-opinion|bare-or-other
cst-s0513a1.att-1_p012	no|elder-lineage-or-teachers-opinion|bare-or-other
cst-s0513a1.att-9_p040	no|elder-lineage-or-teachers-opinion|bare-or-other
cst-s0513a2.att-16_p004	no|elder-lineage-or-teachers-opinion|bare-or-other
cst-s0513a2.att-16_p005	no|elder-lineage-or-teachers-opinion|bare-or-other
cst-s0513a2.att-17_p016	no|elder-lineage-or-teachers-opinion|bare-or-other
cst-s0513a3.att-2_p005	no|elder-lineage-or-teachers-opinion|bare-or-other
cst-s0515a.att-1_p009	no|elder-lineage-or-teachers-opinion|bare-or-other
cst-s0517a.att-178_p011	no|elder-lineage-or-teachers-opinion|bare-or-other
cst-s0519a.att-1_p014	no|elder-lineage-or-teachers-opinion|bare-or-other
cst-s0201a.att-mn1_1_p977	no|elder-lineage-or-teachers-opinion|bare-or-other
cst-s0201a.att-mn1_3_p235	no|elder-lineage-or-teachers-opinion|bare-or-other
cst-s0201a.att-mn1_5_p096	no|elder-lineage-or-teachers-opinion|bare-or-other
cst-s0201a.att-mn1_5_p100	no|elder-lineage-or-teachers-opinion|bare-or-other
cst-s0201a.att-mn1_5_p101	no|elder-lineage-or-teachers-opinion|bare-or-other
cst-s0201a.att-mn1_5_p228	no|elder-lineage-or-teachers-opinion|bare-or-other
cst-s0201a.att-mn1_5_p229	no|elder-lineage-or-teachers-opinion|bare-or-other
cst-s0201a.att-mn1_5_p230	no|elder-lineage-or-teachers-opinion|bare-or-other
cst-s0203a.att-mn3_1_p016	no|elder-lineage-or-teachers-opinion|bare-or-other
cst-s0304a.att-sn4_1_p409	no|elder-lineage-or-teachers-opinion|bare-or-other
cst-s0305a.att-sn5_p012	no|elder-lineage-or-teachers-opinion|bare-or-other
cst-vin01a.att-105_p032	no|school-as-separate-entity|coordinated-with-named-rival
cst-vin01a.att-121_p003	no|elder-lineage-or-teachers-opinion|bare-or-other
cst-vin01a.att-28_p009	no|elder-lineage-or-teachers-opinion|bare-or-other
cst-vin01a.att-28_p030	no|elder-lineage-or-teachers-opinion|bare-or-other
cst-vin01a.att-40_p004	no|unclear|bare-or-other
cst-vin01a.att-44_p004	no|unclear|bare-or-other
cst-vin01a.att-5_p026	no|elder-lineage-or-teachers-opinion|bare-or-other
cst-vin01a.att-5_p042	no|elder-lineage-or-teachers-opinion|vada-kula-acariyavada-equation
cst-vin01a.att-5_p052	no|elder-lineage-or-teachers-opinion|bare-or-other
cst-vin01a.att-5_p065	no|elder-lineage-or-teachers-opinion|bare-or-other
cst-vin01a.att-5_p103	no|elder-lineage-or-teachers-opinion|bare-or-other
cst-vin02a1.att-107_p008	no|elder-lineage-or-teachers-opinion|bare-or-other
cst-vin02a1.att-161_p002	no|elder-lineage-or-teachers-opinion|bare-or-other
cst-vin02a4.att-85_p025	no|elder-lineage-or-teachers-opinion|bare-or-other
cst-e0101n.mul-2_p014	no|elder-lineage-or-teachers-opinion|bare-or-other
cst-e0102n.mul-109_p008	no|elder-lineage-or-teachers-opinion|bare-or-other
cst-e0102n.mul-109_p016	no|elder-lineage-or-teachers-opinion|vada-kula-acariyavada-equation
cst-e0102n.mul-109_p023	no|elder-lineage-or-teachers-opinion|bare-or-other
cst-e0102n.mul-48_p030	no|elder-lineage-or-teachers-opinion|vada-kula-acariyavada-equation
cst-abh01t.tik-1_p025	no|elder-lineage-or-teachers-opinion|bare-or-other
cst-abh01t.tik-69_p016	no|unclear|bare-or-other
cst-abh01t.tik-69_p018	no|elder-lineage-or-teachers-opinion|bare-or-other
cst-abh02t.tik-185_p014	no|elder-lineage-or-teachers-opinion|bare-or-other
cst-abh02t.tik-193_p002	no|elder-lineage-or-teachers-opinion|vada-kula-acariyavada-equation
cst-abh02t.tik-44_p002	no|elder-lineage-or-teachers-opinion|vada-kula-acariyavada-equation
cst-abh03t.tik-40_p006	no|elder-lineage-or-teachers-opinion|bare-or-other
cst-abh04t.nrf-1_p028	no|elder-lineage-or-teachers-opinion|bare-or-other
cst-abh06t.nrf-145_p007	no|elder-lineage-or-teachers-opinion|bare-or-other
cst-abh06t.nrf-50_p015	no|school-as-separate-entity|coordinated-with-named-rival
cst-abh06t.nrf-52_p005	no|elder-lineage-or-teachers-opinion|bare-or-other
cst-abh07t.nrf-96_p003	no|unclear|bare-or-other
cst-abh08t.nrf-51_p005	no|elder-lineage-or-teachers-opinion|bare-or-other
cst-abh08t.nrf-58_p031	no|elder-lineage-or-teachers-opinion|bare-or-other
cst-abh08t.nrf-58_p034	no|elder-lineage-or-teachers-opinion|bare-or-other
cst-abh08t.nrf-90_p018	no|elder-lineage-or-teachers-opinion|bare-or-other
cst-abh09t.nrf-220_p010	no|school-as-separate-entity|coordinated-with-named-rival
cst-abh09t.nrf-282_p003	no|unclear|bare-or-other
cst-s0401t.tik-an1_p079	no|elder-lineage-or-teachers-opinion|bare-or-other
cst-s0401t.tik-an1_p323	no|elder-lineage-or-teachers-opinion|bare-or-other
cst-s0401t.tik-an1_p667	no|elder-lineage-or-teachers-opinion|bare-or-other
cst-s0402t.tik-an4_p669	no|unclear|bare-or-other
cst-s0403t.tik-an7_p008	no|elder-lineage-or-teachers-opinion|bare-or-other
cst-s0404t.tik-an10_p036	no|elder-lineage-or-teachers-opinion|bare-or-other
cst-s0404t.tik-an8_p220	no|elder-lineage-or-teachers-opinion|bare-or-other
cst-s0101t.tik-dn1_0_p051	no|elder-lineage-or-teachers-opinion|bare-or-other
cst-s0101t.tik-dn1_1_p319	no|unclear|bare-or-other
cst-s0101t.tik-dn1_8_p003	no|elder-lineage-or-teachers-opinion|vada-kula-acariyavada-equation
cst-s0102t.tik-dn2_3_p122	no|unclear|bare-or-other
cst-s0102t.tik-dn2_3_p176	no|unclear|bare-or-other
cst-s0102t.tik-dn2_3_p182	no|unclear|bare-or-other
cst-s0103t.tik-dn3_5_p061	no|elder-lineage-or-teachers-opinion|bare-or-other
cst-s0104t.nrf-11_p004	no|unclear|bare-or-other
cst-s0104t.nrf-11_p020	no|school-as-separate-entity|coordinated-with-named-rival
cst-s0104t.nrf-22_p010	no|elder-lineage-or-teachers-opinion|bare-or-other
cst-s0104t.nrf-2_p076	no|unclear|bare-or-other
cst-s0104t.nrf-2_p080	no|school-as-separate-entity|coordinated-with-named-rival
cst-s0104t.nrf-2_p082	no|elder-lineage-or-teachers-opinion|bare-or-other
cst-s0105t.nrf-13_p031	no|unclear|bare-or-other
cst-s0105t.nrf-72_p003	no|elder-lineage-or-teachers-opinion|vada-kula-acariyavada-equation
cst-s0105t.nrf-83_p020	no|elder-lineage-or-teachers-opinion|bare-or-other
cst-s0105t.nrf-83_p021	no|elder-lineage-or-teachers-opinion|bare-or-other
cst-s0519t.tik-12_p006	no|elder-lineage-or-teachers-opinion|vada-kula-acariyavada-equation
cst-s0519t.tik-1_p051	no|unclear|bare-or-other
cst-s0201t.tik-mn1_0_p053	no|elder-lineage-or-teachers-opinion|bare-or-other
cst-s0201t.tik-mn1_2_p252	no|elder-lineage-or-teachers-opinion|bare-or-other
cst-s0201t.tik-mn1_5_p095	no|elder-lineage-or-teachers-opinion|bare-or-other
cst-s0201t.tik-mn1_5_p096	no|elder-lineage-or-teachers-opinion|bare-or-other
cst-s0201t.tik-mn1_5_p101	no|elder-lineage-or-teachers-opinion|bare-or-other
cst-s0201t.tik-mn1_5_p127	no|elder-lineage-or-teachers-opinion|bare-or-other
cst-s0203t.tik-mn3_1_p049	no|unclear|bare-or-other
cst-s0301t.tik-sn1_0_p052	no|elder-lineage-or-teachers-opinion|bare-or-other
cst-s0301t.tik-sn1_10_p064	no|elder-lineage-or-teachers-opinion|bare-or-other
cst-s0302t.tik-sn2_1_p361	no|elder-lineage-or-teachers-opinion|bare-or-other
cst-s0304t.tik-sn4_10_p004	no|elder-lineage-or-teachers-opinion|bare-or-other
cst-s0305t.tik-sn5_10_p008	no|elder-lineage-or-teachers-opinion|bare-or-other
cst-s0305t.tik-sn5_2_p141	no|elder-lineage-or-teachers-opinion|bare-or-other
cst-s0305t.tik-sn5_7_p011	no|elder-lineage-or-teachers-opinion|bare-or-other
cst-vin01t1.tik-25_p005	no|elder-lineage-or-teachers-opinion|bare-or-other
cst-vin01t1.tik-26_p018	no|elder-lineage-or-teachers-opinion|bare-or-other
cst-vin01t1.tik-2_p064	no|unclear|bare-or-other
cst-vin01t1.tik-2_p067	no|elder-lineage-or-teachers-opinion|bare-or-other
cst-vin01t1.tik-6_p003	no|school-as-separate-entity|coordinated-with-named-rival
cst-vin01t1.tik-6_p023	no|elder-lineage-or-teachers-opinion|bare-or-other
cst-vin01t1.tik-6_p025	no|elder-lineage-or-teachers-opinion|bare-or-other
cst-vin01t1.tik-6_p064	no|elder-lineage-or-teachers-opinion|genitive-theras-vada
cst-vin01t1.tik-6_p091	no|unclear|bare-or-other
cst-vin01t1.tik-6_p101	no|elder-lineage-or-teachers-opinion|vada-kula-acariyavada-equation
cst-vin01t1.tik-7_p002	no|elder-lineage-or-teachers-opinion|bare-or-other
cst-vin01t1.tik-7_p047	no|elder-lineage-or-teachers-opinion|bare-or-other
cst-vin01t1.tik-7_p140	no|elder-lineage-or-teachers-opinion|bare-or-other
cst-vin01t2.tik-19_p037	no|unclear|bare-or-other
cst-vin01t2.tik-7_p004	no|unclear|bare-or-other
cst-vin01t2.tik-7_p010	no|elder-lineage-or-teachers-opinion|bare-or-other
cst-vin01t2.tik-7_p012	no|elder-lineage-or-teachers-opinion|bare-or-other
cst-vin02t.tik-356_p013	no|elder-lineage-or-teachers-opinion|bare-or-other
cst-vin02t.tik-356_p014	no|elder-lineage-or-teachers-opinion|bare-or-other
cst-vin02t.tik-6_p004	no|elder-lineage-or-teachers-opinion|bare-or-other
cst-vin04t.nrf-21_p007	no|elder-lineage-or-teachers-opinion|bare-or-other
cst-vin04t.nrf-382_p004	no|elder-lineage-or-teachers-opinion|bare-or-other
cst-vin04t.nrf-382_p006	no|elder-lineage-or-teachers-opinion|bare-or-other
cst-vin04t.nrf-382_p010	no|elder-lineage-or-teachers-opinion|bare-or-other
cst-vin05t.nrf-2_p004	no|unclear|bare-or-other
cst-vin05t.nrf-32_p044	no|elder-lineage-or-teachers-opinion|bare-or-other
cst-vin05t.nrf-32_p056	no|elder-lineage-or-teachers-opinion|bare-or-other
cst-vin06t.nrf-13_p021	no|elder-lineage-or-teachers-opinion|bare-or-other
cst-vin06t.nrf-172_p003	no|school-as-separate-entity|coordinated-with-named-rival
cst-vin06t.nrf-19_p008	no|unclear|bare-or-other
cst-vin06t.nrf-19_p009	no|unclear|bare-or-other
cst-vin06t.nrf-19_p010	no|unclear|bare-or-other
cst-vin06t.nrf-28_p012	no|elder-lineage-or-teachers-opinion|bare-or-other
cst-vin06t.nrf-299_p006	no|elder-lineage-or-teachers-opinion|bare-or-other
cst-vin06t.nrf-2_p056	no|elder-lineage-or-teachers-opinion|bare-or-other
cst-vin06t.nrf-324_p002	no|unclear|bare-or-other
cst-vin06t.nrf-32_p002	no|unclear|bare-or-other
cst-vin06t.nrf-39_p002	no|unclear|bare-or-other
cst-vin06t.nrf-67_p005	no|elder-lineage-or-teachers-opinion|bare-or-other
cst-vin06t.nrf-6_p004	no|unclear|bare-or-other
cst-vin06t.nrf-6_p006	no|unclear|bare-or-other
cst-vin07t.nrf-17_p018	no|elder-lineage-or-teachers-opinion|bare-or-other
cst-vin07t.nrf-21_p011	no|unclear|bare-or-other
cst-vin07t.nrf-21_p016	no|unclear|bare-or-other
cst-vin07t.nrf-21_p017	no|school-as-separate-entity|coordinated-with-named-rival
cst-vin07t.nrf-24_p005	no|elder-lineage-or-teachers-opinion|vada-kula-acariyavada-equation
cst-vin07t.nrf-24_p006	no|school-as-separate-entity|coordinated-with-named-rival
cst-vin07t.nrf-24_p011	no|elder-lineage-or-teachers-opinion|bare-or-other
cst-vin07t.nrf-2_p011	no|elder-lineage-or-teachers-opinion|bare-or-other
cst-vin07t.nrf-2_p014	no|elder-lineage-or-teachers-opinion|bare-or-other
cst-vin07t.nrf-6_p010	no|school-as-separate-entity|coordinated-with-named-rival
cst-vin07t.nrf-6_p015	no|unclear|bare-or-other
cst-vin07t.nrf-7_p002	no|elder-lineage-or-teachers-opinion|bare-or-other
cst-vin07t.nrf-95_p009	no|elder-lineage-or-teachers-opinion|bare-or-other
cst-vin08t.nrf-20_p034	no|unclear|bare-or-other
cst-vin08t.nrf-68_p052	no|school-as-separate-entity|coordinated-with-named-rival
cst-vin08t.nrf-68_p053	no|elder-lineage-or-teachers-opinion|vada-kula-acariyavada-equation
cst-vin08t.nrf-68_p055	no|school-as-separate-entity|coordinated-with-named-rival
cst-vin08t.nrf-68_p059	no|elder-lineage-or-teachers-opinion|bare-or-other
cst-vin08t.nrf-68_p060	no|unclear|bare-or-other
cst-vin08t.nrf-68_p061	no|unclear|bare-or-other
cst-vin08t.nrf-68_p070	no|unclear|bare-or-other
cst-vin08t.nrf-68_p073	no|elder-lineage-or-teachers-opinion|bare-or-other
cst-vin08t.nrf-9_p009	no|elder-lineage-or-teachers-opinion|bare-or-other
cst-vin08t.nrf-9_p010	no|elder-lineage-or-teachers-opinion|bare-or-other
cst-vin08t.nrf-9_p018	no|elder-lineage-or-teachers-opinion|bare-or-other
cst-vin09t.nrf-127_p010	no|elder-lineage-or-teachers-opinion|bare-or-other
cst-vin09t.nrf-127_p018	no|elder-lineage-or-teachers-opinion|bare-or-other
cst-vin09t.nrf-426_p002	no|elder-lineage-or-teachers-opinion|bare-or-other
cst-vin09t.nrf-427_p026	no|elder-lineage-or-teachers-opinion|bare-or-other
cst-vin10t.nrf-12_p1501	no|elder-lineage-or-teachers-opinion|bare-or-other
cst-vin10t.nrf-12_p1509	no|elder-lineage-or-teachers-opinion|bare-or-other
cst-vin10t.nrf-43_p121	no|elder-lineage-or-teachers-opinion|bare-or-other
cst-vin10t.nrf-56_p022	no|elder-lineage-or-teachers-opinion|bare-or-other
cst-vin11t.nrf-1_p019	no|elder-lineage-or-teachers-opinion|bare-or-other
cst-vin11t.nrf-2_p015	no|elder-lineage-or-teachers-opinion|bare-or-other
cst-vin11t.nrf-44_p022	no|elder-lineage-or-teachers-opinion|bare-or-other
cst-vin11t.nrf-44_p023	no|elder-lineage-or-teachers-opinion|bare-or-other
cst-vin11t.nrf-5_p064	no|elder-lineage-or-teachers-opinion|bare-or-other
cst-vin12t.nrf-290_p006	no|elder-lineage-or-teachers-opinion|bare-or-other
cst-vin12t.nrf-39_p008	no|elder-lineage-or-teachers-opinion|bare-or-other
cst-vin12t.nrf-553_p022	no|unclear|bare-or-other
cst-vin13t.nrf-162_p004	no|elder-lineage-or-teachers-opinion|bare-or-other
cst-vin13t.nrf-53_p007	no|elder-lineage-or-teachers-opinion|bare-or-other
cst-e0103n.att-21_p002	no|elder-lineage-or-teachers-opinion|bare-or-other
cst-e0103n.att-2_p009	no|elder-lineage-or-teachers-opinion|bare-or-other
cst-e0103n.att-3_p015	no|unclear|bare-or-other
cst-e0103n.att-3_p016	no|elder-lineage-or-teachers-opinion|bare-or-other
cst-e0104n.att-47_p044	no|elder-lineage-or-teachers-opinion|vada-kula-acariyavada-equation
cst-e0104n.att-47_p045	no|elder-lineage-or-teachers-opinion|vada-kula-acariyavada-equation
cst-e0104n.att-4_p074	no|elder-lineage-or-teachers-opinion|bare-or-other
cst-e0104n.att-54_p004	no|elder-lineage-or-teachers-opinion|bare-or-other
cst-e0105n.nrf-002	no|unclear|bare-or-other
cst-e0105n.nrf-008	no|elder-lineage-or-teachers-opinion|bare-or-other
cst-e0105n.nrf-009	no|school-as-separate-entity|coordinated-with-named-rival
cst-e0105n.nrf-010	no|unclear|bare-or-other
cst-e0105n.nrf-012	no|elder-lineage-or-teachers-opinion|bare-or-other
cst-e0105n.nrf-014	no|school-as-separate-entity|coordinated-with-named-rival
cst-e0105n.nrf-016	no|unclear|bare-or-other
cst-e0105n.nrf-017	no|school-as-separate-entity|coordinated-with-named-rival
cst-e0105n.nrf-018	no|elder-lineage-or-teachers-opinion|bare-or-other
cst-e0105n.nrf-019	no|elder-lineage-or-teachers-opinion|bare-or-other
cst-e0105n.nrf-020	no|school-as-separate-entity|coordinated-with-named-rival
cst-e0105n.nrf-023	no|school-as-separate-entity|vada-kula-acariyavada-equation
cst-e0105n.nrf-024	no|elder-lineage-or-teachers-opinion|bare-or-other
cst-e0105n.nrf-025	no|unclear|bare-or-other
cst-e0105n.nrf-026	no|elder-lineage-or-teachers-opinion|bare-or-other
cst-e0105n.nrf-028	no|unclear|bare-or-other
cst-e0105n.nrf-031	no|unclear|bare-or-other
cst-e0105n.nrf-034	no|elder-lineage-or-teachers-opinion|bare-or-other
cst-e0105n.nrf-035	no|unclear|bare-or-other
cst-e0105n.nrf-036	no|unclear|bare-or-other
cst-e0105n.nrf-037	no|elder-lineage-or-teachers-opinion|bare-or-other
cst-e0105n.nrf-038	no|unclear|bare-or-other
cst-e0201n.nrf-010	no|unclear|bare-or-other
cst-e0201n.nrf-090	no|unclear|bare-or-other
cst-e0201n.nrf-143	no|unclear|bare-or-other
cst-e0201n.nrf-160	no|unclear|bare-or-other
cst-e0301n.nrf-005	no|unclear|bare-or-other
cst-e0301n.nrf-008	no|unclear|bare-or-other
cst-e0401n.nrf-003	no|unclear|bare-or-other
cst-e0401n.nrf-004	no|unclear|bare-or-other
cst-e0401n.nrf-009	no|unclear|bare-or-other
cst-e0702n.nrf-003	no|unclear|bare-or-other
cst-e0702n.nrf-004	no|unclear|bare-or-other
cst-e0702n.nrf-005	no|unclear|bare-or-other
cst-e0703n.nrf-005	no|unclear|bare-or-other
cst-e0703n.nrf-007	no|elder-lineage-or-teachers-opinion|vada-kula-acariyavada-equation
cst-e0703n.nrf-011	no|unclear|bare-or-other
cst-e0703n.nrf-024	no|unclear|bare-or-other
cst-e0703n.nrf-025	no|unclear|bare-or-other
cst-e0703n.nrf-026	no|unclear|bare-or-other
cst-e0703n.nrf-039	no|unclear|bare-or-other
cst-e0703n.nrf-043	no|elder-lineage-or-teachers-opinion|bare-or-other
cst-e0703n.nrf-044	no|unclear|bare-or-other
cst-e0703n.nrf-045	no|unclear|bare-or-other
cst-e0703n.nrf-046	no|unclear|bare-or-other
cst-e0703n.nrf-047	no|unclear|bare-or-other
cst-e0703n.nrf-048	no|unclear|bare-or-other
cst-e0703n.nrf-049	no|unclear|bare-or-other
cst-e0703n.nrf-050	no|unclear|bare-or-other
cst-e0703n.nrf-054	no|unclear|bare-or-other
cst-e0703n.nrf-056	no|unclear|bare-or-other
cst-e0803n.nrf-007	no|unclear|bare-or-other
cst-e0803n.nrf-009	no|unclear|bare-or-other
cst-e0804n.nrf-018	no|unclear|bare-or-other
cst-e0804n.nrf-019	no|unclear|bare-or-other
cst-e0804n.nrf-043	no|unclear|bare-or-other
cst-e0810n.nrf-008	no|unclear|bare-or-other
cst-e0902n.nrf-045	no|elder-lineage-or-teachers-opinion|bare-or-other
cst-e0902n.nrf-100	no|unclear|bare-or-other
cst-e0903n.nrf-021	no|elder-lineage-or-teachers-opinion|bare-or-other
cst-e0903n.nrf-025	no|elder-lineage-or-teachers-opinion|bare-or-other
cst-e1101n.nrf-039	no|unclear|bare-or-other
cst-e1102n.nrf-002	no|unclear|bare-or-other
cst-e1202n.nrf-006	no|unclear|bare-or-other
cst-e1205n.nrf-002	no|unclear|bare-or-other
cst-e1208n.nrf-001	no|unclear|bare-or-other
cst-e1210n.nrf-002	no|unclear|bare-or-other
